–ù–∞–∑–≤–∞–Ω–∏–µ,–ê–¥—Ä–µ—Å,–¶–µ–Ω–∞ –≤ –¥–æ–ª–ª–∞—Ä–∞—Ö,–¶–µ–Ω–∞ –≤ —Å–æ–º–∞,–ù–æ–º–µ—Ä,–û–ø–∏—Å–∞–Ω–∏–µ
"2-–∫–æ–º–Ω. –∫–≤., 76 –º2","–ë–∏—à–∫–µ–∫, –í–æ–µ–Ω—Ç–æ—Ä–≥, –¢–æ–∫—Ç–æ–≥—É–ª–∞ 147",$ 700/–º–µ—Å.,60 735 —Å–æ–º/–º–µ—Å.,+996 778 30-42-62,"–û–ø–∏—Å–∞–Ω–∏–µ –æ—Ç –∞—Ä–µ–Ω–¥–æ–¥–∞—Ç–µ–ª—è                                            
–°–¥–∞—ë—Ç—Å—è –ø—Ä–æ—Å—Ç–æ—Ä–Ω–∞—è –∫–≤–∞—Ä—Ç–∏—Ä–∞ –≤ —Ü–µ–Ω—Ç—Ä–µ,–¢–æ–∫—Ç–æ–≥—É–ª–∞147/–ò—Å–∞–Ω–æ–≤–∞ –Ω–∞–¥ –∫—É–ª–∏–∫–æ–≤—Å–∫–∏–º.
–í –∫–≤–∞—Ä—Ç–∏—Ä–µ –µ—Å—Ç—å –≤—Å–µ —É—Å–ª–æ–≤–∏—è –¥–ª—è –∫–æ–º—Ñ–æ—Ä—Ç–Ω–æ–π –∏ —Å–ø–æ–∫–æ–π–Ω–æ–π –∂–∏–∑–Ω–∏.
–î–æ–º –æ–≥–æ—Ä–æ–∂–µ–Ω –≤–æ—Ä–æ—Ç–∞–º–∏,—É –≤—Ö–æ–¥–∞ —Å—Ç–æ–∏—Ç –∫—Ä—É–≥–ª–æ—Å—É—Ç–æ—á–Ω–∞—è –æ—Ö—Ä–∞–Ω–∞, —Ä–∞–±–æ—Ç–∞–µ—Ç –≤–∏–¥–µ–æ–Ω–∞–±–ª—é–¥–µ–Ω–∏–µ.
–î–≤–æ—Ä —Ç–∏—Ö–∏–π,–∑–µ–ª—ë–Ω—ã–π,–µ—Å—Ç—å –¥–µ—Ç—Å–∫–∞—è –ø–ª–æ—â–∞–¥–∫–∞ –∏ –∑–æ–Ω–∞ –¥–ª—è –æ—Ç–¥—ã—Ö–∞.
–í –¥–æ–º–µ –¥–≤–∞ –ª–∏—Ñ—Ç–∞ –∏ –ø–æ–¥–∑–µ–º–Ω—ã–π –ø–∞—Ä–∫–∏–Ω–≥
–¢–æ—Ä–≥–æ–≤—ã–µ —Ü–µ–Ω—Ç—Ä—ã,–∫–æ—Ñ–µ–π–Ω–∏,—Ñ–∏—Ç–Ω–µ—Å,–±–∞–Ω–∫–∏ –≤—Å–µ –≤ —à–∞–≥–æ–≤–æ–π –¥–æ—Å—Ç—É–ø–Ω–æ—Å—Ç–∏.
–î–µ–ø–æ–∑–∏—Ç 500$

–°–¥–∞–¥–∏–º —á–∏—Å—Ç–æ–ø–ª–æ—Ç–Ω—ã–º,–¥–æ–±—Ä–æ—Å–æ–≤–µ—Å—Ç–Ω—ã–º,–±–µ–∑ –∂–∏–≤–æ—Ç–Ω—ã—Ö"
"4-–∫–æ–º–Ω. –∫–≤., 123 –º2","–ë–∏—à–∫–µ–∫, –ö–∞—Ä–ø–∏–Ω–∫–∞, –¢–æ–∫—Ç–æ–≥—É–ª–∞ 37/–ö–∞—Ä–ø–∏–Ω—Å–∫–æ–≥–æ",$ 1 000/–º–µ—Å.,86 764 —Å–æ–º/–º–µ—Å.,+996 557 48-88-85,"–û–ø–∏—Å–∞–Ω–∏–µ –æ—Ç –∞—Ä–µ–Ω–¥–æ–¥–∞—Ç–µ–ª—è                                            
–°–¥–∞—é 5—Ç–∏ –∫–æ–º–Ω. –∫–≤–∞—Ä—Ç–∏—Ä—É –≤ —Ä–∞–π–æ–Ω–µ –ö–∞—Ä–≤–µ–Ω.
–ü–æ–ª–Ω–æ—Å—Ç—å—é —É–ø–∞–∫–æ–≤–∞–Ω–Ω–∞—è.
–î–æ–º 106 —Å–µ—Ä–∏–∏. 5/9. 
–ù–µ —É–≥–æ–ª.
0555188889"
"3-–∫–æ–º–Ω. –∫–≤., 80 –º2","–ë–∏—à–∫–µ–∫, –ê–ª–º–∞—Ç–∏–Ω–∫–∞ - –ú–∞–≥–∏—Å—Ç—Ä–∞–ª—å",$ 634/–º–µ—Å.,55 000 —Å–æ–º/–º–µ—Å.,+996 707 55-03-55,"–û–ø–∏—Å–∞–Ω–∏–µ –æ—Ç –∞—Ä–µ–Ω–¥–æ–¥–∞—Ç–µ–ª—è                                            
–°–¥–∞—ë—Ç—Å—è 3—Ö –∫–æ–º–Ω–∞—Ç–Ω–∞—è –∫–≤–∞—Ä—Ç–∏—Ä–∞ 
 
üìå–ê–ª–º–∞-–ê—Ç–∏–Ω–∫–∞/–ú–∞–≥–∏—Å—Ç—Ä–∞–ª—å
 
üî•–£—é—Ç–Ω–∞—è, —Å–≤–µ—Ç–ª–∞—è –∏ —á–∏—Å—Ç–∞—è –∫–≤–∞—Ä—Ç–∏—Ä–∞, —Å–¥–∞–µ—Ç—Å—è —Å –º–µ–±–µ–ª—å—é –∏ –±—ã—Ç–æ–≤–æ–π —Ç–µ—Ö–Ω–∏–∫–æ–π. –í–∏–¥ –∏–∑ –æ–∫–Ω–∞ –Ω–∞ –±–æ—Ç.—Å–∞–¥
 
-–ø–ª–æ—â–∞–¥—å 80 –º2
-—ç—Ç–∞–∂ 7 –∏–∑ 9

-–í—Å–µ –∫–æ–º–º—É–Ω–∏–∫–∞—Ü–∏–∏ —Ü–µ–Ω—Ç—Ä–∞–ª—å–Ω—ã–µ, –æ—Ç–æ–ø–ª–µ–Ω–∏–µ –≥–∞–∑–æ–≤–æ–µ (–∫–æ—Ç–µ–ª—å–Ω–∞—è)
- –≤–∏–¥–µ–æ–Ω–∞–±–ª—é–¥–µ–Ω–∏–µ, –æ—Ö—Ä–∞–Ω–∞
- –õ–∏—Ñ—Ç —Ä–∞–±–æ—Ç–∞–µ—Ç
 

üî•–¶–µ–Ω–∞: 55 000 —Å–æ–º
–î–µ–ø–æ–∑–∏—Ç: 55000 —Å–æ–º
 
–ü–æ –≤–æ–ø—Ä–æ—Å–∞–º –æ–±—Ä–∞—â–∞–π—Ç–µ—Å—å:
{ 0707} { 55 03 55 } –ö—É–Ω–¥—É–∑
 –ö—ã—Ä–≥—ã–∑ –ù–µ–¥–≤–∏–∂–∏–º–æ—Å—Ç—å
 ID: 14862"
"2-–∫–æ–º–Ω. –∫–≤., 82 –º2","–ë–∏—à–∫–µ–∫, –ú–∞–≥–∏—Å—Ç—Ä–∞–ª—å, –ø—Ä–æ—Å–ø. –ß. –ê–π—Ç–º–∞—Ç–æ–≤–∞ 299/3",$ 1 500/–º–µ—Å.,130 145 —Å–æ–º/–º–µ—Å.,+996 707 55-42-55,"–û–ø–∏—Å–∞–Ω–∏–µ –æ—Ç –∞—Ä–µ–Ω–¥–æ–¥–∞—Ç–µ–ª—è                                            
–°—Ä–æ—á–Ω–æ —Å–¥–∞–º! 2 –∫–æ–º–Ω–∞—Ç–Ω—É—é —ç–ª–∏—Ç–Ω—É—é –∫–≤–∞—Ä—Ç–∏—Ä—É
–í –ü—Ä–µ–º–∏–∞–ª—å–Ω–æ–º –ñ–∏–ª–æ–º –∫–æ–º–ø–ª–µ–∫—Å–µ Central Park
–°–æ–≤—Ä–µ–º–µ–Ω–Ω—ã–π –¥–æ–º, –ø–æ —Å–æ–≤—Ä–µ–º–µ–Ω–Ω—ã–º —Ç–µ—Ö–Ω–æ–ª–æ–≥–∏—è–º
–ö–æ—Ç–æ—Ä—ã–π –≤–∫–ª—é—á–∞–µ—Ç –≤ —Å–µ–±—è —Å–∏—Å—Ç–µ–º—É ¬´–£–º–Ω—ã–π –¥–æ–º¬ª 

–í –∫–≤–∞—Ä—Ç–∏—Ä–µ –∏–º–µ–µ—Ç—Å—è –≤—Å–µ, –¥–ª—è –∫–æ–º—Ñ–æ—Ä—Ç–Ω–æ–≥–æ –ø—Ä–æ–∂–∏–≤–∞–Ω–∏—è!

–ö–≤–∞—Ä—Ç–∏—Ä–∞ —Å –∫–∞—á–µ—Å—Ç–≤–µ–Ω–Ω—ã–º —Ä–µ–º–æ–Ω—Ç–æ–º 82 –∫–≤.–º
–û–∫–Ω–∞ –Ω–∞ –ó–∞–ø–∞–¥ –∏ –Æ–≥, –ø–æ—Ç—Ä—è—Å–∞—é—â–∏–π –≤–∏–¥ –Ω–∞ –≥–æ—Ä—ã
–†–∞—Å–ø–æ–ª–æ–∂–µ–Ω–∞ –Ω–∞ 7 —ç—Ç–∞–∂–µ –∏–∑ 9, –µ—Å—Ç—å —Å–∫–æ—Ä–æ—Å—Ç–Ω–æ–π –ª–∏—Ñ—Ç

–ü–æ–ª–Ω–æ—Å—Ç—å—é –æ–±—É—Å—Ç—Ä–æ–µ–Ω–Ω—ã–π –¥–≤–æ—Ä —Å –¥–µ—Ç—Å–∫–æ–π –ø–ª–æ—â–∞–¥–∫–æ–π
–¢–µ—Ä—Ä–∏—Ç–æ—Ä–∏—è –∑–∞–∫—Ä—ã—Ç–∞—è, –æ—Ö—Ä–∞–Ω–∞ –∏ –≤–∏–¥–µ–æ–Ω–∞–±–ª—é–¥–µ–Ω–∏–µ 24/7

–û—Ç–ª–∏—á–Ω—ã–π —Ä–∞–π–æ–Ω, —Ä–∞–∑–≤–∏—Ç–∞—è –∏–Ω—Ñ—Ä–∞—Å—Ç—Ä—É–∫—Ç—É—Ä–∞
–ù–µ–¥–∞–ª–µ–∫–æ —Ä–∞—Å–ø–æ–ª–æ–∂–µ–Ω—ã –ø–æ—Å–æ–ª—å—Å—Ç–≤–∞ –°–®–ê –∏ –ö–ù–î–†
 

–¶–µ–Ω–∞ 1500$ –≤ –º–µ—Å—è—Ü + –¥–µ–ø–æ–∑–∏—Ç

–ó–≤–æ–Ω–∏—Ç–µ: 0707 55 42 55  –ê–¥–∏–Ω–∞



ID: 14625"
"3-–∫–æ–º–Ω. –∫–≤., 160 –º2","–ë–∏—à–∫–µ–∫, –ê–ª–∞-–ê—Ä—á–∞ –∂/–º",$ 800/–º–µ—Å.,69 411 —Å–æ–º/–º–µ—Å.,+996 707 55-42-55,"–û–ø–∏—Å–∞–Ω–∏–µ –æ—Ç –∞—Ä–µ–Ω–¥–æ–¥–∞—Ç–µ–ª—è                                            
–°–¥–∞–º! 3 –∫–æ–º.–∫–≤, 2 —É—Ä–æ–≤–Ω—è, 1 —ç—Ç–∞–∂ –∏ —Ü–æ–∫–æ–ª—å
—Å.–û—Ä—Ç–æ-–°–∞–π, –ø–µ—Ä–≤–∞—è –ª–∏–Ω–∏—è –ø–æ —É–ª.–°–æ–≤–µ—Ç—Å–∫–æ–π

–ú–æ–∂–Ω–æ —Å–Ω—è—Ç—å –ø–æ–¥ –∂–∏–ª—å–µ –¥–ª—è —Å–µ–º—å–∏,
–ò–ª–∏ –ø–æ–¥ –∫–æ–º–º–µ—Ä—á–µ—Å–∫–æ–µ –ø–æ–º–µ—â–µ–Ω–∏–µ!
–ò–º–µ–µ—Ç—Å—è –æ—Ç–¥–µ–ª—å–Ω—ã–π –≤—Ö–æ–¥ –≤ –∫–≤–∞—Ä—Ç–∏—Ä—É!

–û–±—â–∞—è –ø–ª–æ—â–∞–¥—å 160 –∫–≤–∞–¥—Ä–∞—Ç–æ–≤
1 —ç—Ç–∞–∂: –∫—É—Ö–Ω—è, –∑–∞–ª, —Ö–æ–ª–ª, —Å–∞–Ω—É–∑–ª—ã
–¶–æ–∫–æ–ª—å: 2 –∫–æ–º–Ω–∞—Ç—ã –∏ —Å–∞–Ω—É–∑–ª—ã

–ö–æ–º–º—É–Ω–∏–∫–∞—Ü–∏–∏ —Ü–µ–Ω—Ç—Ä–∞–ª—å–Ω—ã–µ, –æ—Ç–æ–ø.—ç–ª–µ–∫—Ç—Ä–æ

–í —à–∞–≥–æ–≤–æ–π –¥–æ—Å—Ç—É–ø–Ω–æ—Å—Ç–∏: –¥–µ—Ç—Å–∞–¥—ã, –±–∞–Ω–∫–∏,
–°—É–ø–µ—Ä–º–∞—Ä–∫–µ—Ç—ã, —Å–∞–ª–æ–Ω—ã, –ü–∞—Ä–∫ –ü–æ–±–µ–¥—ã –∏ —Ç.–¥.


–¶–µ–Ω–∞: 800 $ (—Å–¥–∞–µ–º –Ω–∞ –¥–ª–∏—Ç–µ–ª—å–Ω—ã–π —Å—Ä–æ–∫)

–ó–≤–æ–Ω–∏—Ç–µ: 0707 55 42 55 –ê–¥–∏–Ω–∞
 
 

–ö—ã—Ä–≥—ã–∑ –ù–µ–¥–≤–∏–∂–∏–º–æ—Å—Ç—å 
ID: 14227"
"3-–∫–æ–º–Ω. –∫–≤., 64 –º2","–ë–∏—à–∫–µ–∫, VEFA, –≠–ª–µ–±–∞–µ–≤–∞/–ì–æ—Ä—å–∫–æ–≥–æ",$ 550/–º–µ—Å.,47 720 —Å–æ–º/–º–µ—Å.,+996 772 00-19-21,–ù–µ—Ç –æ–ø–∏—Å–∞–Ω–∏—è
"2-–∫–æ–º–Ω. –∫–≤., 85 –º2","–ë–∏—à–∫–µ–∫, –ú–∞–≥–∏—Å—Ç—Ä–∞–ª—å, –°—É—Ö—ç-–ë–∞—Ç–æ—Ä–∞/–¢–æ–∫–æ–º–±–∞–µ–≤–∞",$ 900/–º–µ—Å.,78 087 —Å–æ–º/–º–µ—Å.,+996 707 55-03-55,"–û–ø–∏—Å–∞–Ω–∏–µ –æ—Ç –∞—Ä–µ–Ω–¥–æ–¥–∞—Ç–µ–ª—è                                            
–°–¥–∞—ë—Ç—Å—è 2—Ö –∫–æ–º–Ω–∞—Ç–Ω–∞—è –∫–≤–∞—Ä—Ç–∏—Ä–∞ –≤ –∂–∏–ª–æ–º –∫–æ–º–ø–ª–µ–∫—Å–µ ¬´–ü–∞—Ä–∫ –ê–≤–µ–Ω—é¬ª
 
–æ—Ç –°–ö –≠–º–∞—Ä–∫
üìå–ê—Å–∞–Ω–±–∞–π –º–∫—Ä–Ω
 
üî•–° –Ω–æ–≤—ã–º —Ä–µ–º–æ–Ω—Ç–æ–º. –ö–≤–∞—Ä—Ç–∏—Ä–∞ —Å–¥–∞–µ—Ç—Å—è —Å –º–µ–±–µ–ª—å—é , —Ç–µ—Ö–Ω–∏–∫–æ–π, –ø–æ—Å—É–¥–æ–π –∏ –ø–æ—Å—Ç–µ–ª—å–Ω—ã–º –±–µ–ª—å–µ–º
 
-–ø–ª–æ—â–∞–¥—å 85 –º2
-—ç—Ç–∞–∂ 8 –∏–∑ 12

-–í—Å–µ –∫–æ–º–º—É–Ω–∏–∫–∞—Ü–∏–∏ —Ü–µ–Ω—Ç—Ä–∞–ª—å–Ω—ã–µ, –æ—Ç–æ–ø–ª–µ–Ω–∏–µ –≥–∞–∑–æ–≤–æ–µ (–∫–æ—Ç–µ–ª—å–Ω–∞—è)
- —Ç–µ—Ä—Ä–∏—Ç–æ—Ä–∏—è –æ–≥–æ—Ä–æ–∂–µ–Ω–∞, –≤–∏–¥–µ–æ–Ω–∞–±–ª—é–¥–µ–Ω–∏–µ, –æ—Ö—Ä–∞–Ω–∞
- –õ–∏—Ñ—Ç —Ä–∞–±–æ—Ç–∞–µ—Ç
 
–°–≤–æ–±–æ–¥–Ω–∞—è –ø–∞—Ä–∫–æ–≤–∫–∞
 
üî•–¶–µ–Ω–∞: 900$ 
–î–µ–ø–æ–∑–∏—Ç: 500$ 
 
–ü–æ –≤–æ–ø—Ä–æ—Å–∞–º –æ–±—Ä–∞—â–∞–π—Ç–µ—Å—å:
{ 0707} { 55 03 55 } –ö—É–Ω–¥—É–∑
 –ö—ã—Ä–≥—ã–∑ –ù–µ–¥–≤–∏–∂–∏–º–æ—Å—Ç—å
ID: 12957"
"1-–∫–æ–º–Ω. –∫–≤., 38 –º2","–ë–∏—à–∫–µ–∫, –§–∏–ª–∞—Ä–º–æ–Ω–∏—è, –ú–æ—Å–∫–æ–≤—Å–∫–∞—è/–ö–∞–ª—ã–∫ –ê–∫–∏–µ–≤–∞",$ 29/—á–∞—Å,2 500 —Å–æ–º/—á–∞—Å,+996 702 66-29-34,"–û–ø–∏—Å–∞–Ω–∏–µ –æ—Ç –∞—Ä–µ–Ω–¥–æ–¥–∞—Ç–µ–ª—è                                            
1–∫–≤ —á–∞—Å/–Ω–æ—á—å/—Å—É—Ç–∫–∏ –ú–æ—Å–∫–æ–≤—Å–∫–∞—è/–ö–∞–ª—ã–∫ –ê–∫–∏–µ–≤–∞ –¥–ª—è –ø–∞—Ä–æ—á–∫–∏ –∏–ª–∏ –∫–æ–º–∞–Ω–¥–∏—Ä–æ–≤–æ—á–Ω—ã–º. –í –∫–≤–∞—Ä—Ç–∏—Ä–µ –Ω–æ–≤–∞—è –±—ã—Ç–æ–≤–∞—è —Ç–µ—Ö–Ω–∏–∫–∞ –∏ –º–µ–±–µ–ª—å, –≤—Å–µ –¥–ª—è –≤–∞—à–µ–≥–æ –æ—Ç–¥—ã—Ö–∞. –ù–µ –ø—Ä–æ–∫—É—Ä–µ–Ω–Ω–∞—è, –ª—é–∫—Å –∫–≤ —Å —Ä–µ–º–æ–Ω—Ç–æ–º.              –¢–µ–ª–µ–≤–∏–∑–æ—Ä 130 –∫–∞–Ω–∞–ª–æ–≤ –ê–ª–∞ –¢–≤,                                       —Ñ–µ–Ω,                       —Å—Ç–∏—Ä–∞–ª—å–Ω–∞—è –º–∞—à–∏–Ω–∞ ,                           
 –ê—Ä–∏—Å—Ç–æ–Ω                            –ü–∞—Ä–∫–æ–≤–∫–∞ –¥–ª—è  –∞–≤—Ç–æ                 –¢–æ—Ä–≥–æ–≤—ã–µ —Ü–µ–Ω—Ç—Ä—ã –∏ –∫–∞—Ñ–µ  –≤ —à–∞–≥–æ–≤–æ–π –¥–æ—Å—Ç—É–ø–Ω–æ—Å—Ç–∏.                                   –Ω–æ—á—å –æ—Ç 1800—Å        
                                                        2 —á–∞—Å–∞ 800—Å —Å –ø–æ—Å–ª–µ–¥—É—é—â–∏–º —á–∞—Å–æ–º –ø–æ 150—Å                              
                                                 –°—É—Ç–∫–∏  2500—Å     
                                     –ü–æ–∂–∞–ª—É–π—Å—Ç–∞ –ø—Ä–∏ —Å–µ–±–µ –∏–º–µ—Ç—å –¥–æ–∫—É–º–µ–Ω—Ç                                 —Ç–µ–ª–µ—Ñ–æ–Ω—á–∏–∫ 0702662934,  
                       0551100152"
"4-–∫–æ–º–Ω. –∫–≤., 220 –º2","–ë–∏—à–∫–µ–∫, –ë–∏—à–∫–µ–∫-–ü–∞—Ä–∫",$ 1 500/–º–µ—Å.,130 145 —Å–æ–º/–º–µ—Å.,+996 707 55-03-55,"–û–ø–∏—Å–∞–Ω–∏–µ –æ—Ç –∞—Ä–µ–Ω–¥–æ–¥–∞—Ç–µ–ª—è                                            
–°–¥–∞–µ—Ç—Å—è 4 –∫–æ–º –∫–≤–∞—Ä—Ç–∏—Ä–∞ –≤ –¶–µ–Ω—Ç—Ä–µ –≥–æ—Ä–æ–¥–∞ üìç
–≠—Ç–∞–∂ 9 –∏–∑ 9 
–ü–ª–æ—â–∞–¥—å - 220 –º2 ‚òëÔ∏è
–ö–æ–º–º—É–Ω–∏–∫–∞—Ü–∏–∏ –≤—Å–µ —Ü–µ–Ω—Ç—Ä–∞–ª—å–Ω—ã–µ‚úÖ

–ï—Å—Ç—å –ø–∞—Ä–∫–æ–≤–æ—á–Ω–æ–µ –º–µ—Å—Ç–æ  –≤ –ø–∞—Ä–∫–∏–Ω–≥–µ 
–¢–µ—Ä—Ä–∏—Ç–æ—Ä–∏—è –¥–æ–º–∞ –æ—Ö—Ä–∞–Ω—è–µ—Ç—Å—è 24/7 

–ï—Å—Ç—å –≤—Å–µ —É—Å–ª–æ–≤–∏—è –¥–ª—è –∫–æ–º—Ñ–æ—Ä—Ç–∞–±–µ–ª—å–Ω–æ–π  –∂–∏–∑–Ω–∏, –º–µ–±–µ–ª—å, –∫–æ–Ω–¥–∏—Ü–∏–æ–Ω–µ—Ä , –¥–≤–∞ —Ç–µ–ª–µ–≤–∏–∑–æ—Ä–∞ , WI-FI –∏ –º–Ω–æ–≥–æ–µ –¥—Ä—É–≥–æ–µ.

–î–µ–ø–æ–∑–∏—Ç 500 $
–ê—Ä–µ–Ω–¥–∞ 1500 $üî•

–¢–µ–ª: 0707 55 03 55
ID: 14143"
"1-–∫–æ–º–Ω. –∫–≤., 40 –º2","–ë–∏—à–∫–µ–∫, –ë–∏—à–∫–µ–∫-–ü–∞—Ä–∫, –¢–æ–∫—Ç–æ–≥—É–ª–∞/–¢—É—Ä—É—Å–±–µ–∫–æ–≤–∞",$ 35/—Å—É—Ç–∫–∏,3 000 —Å–æ–º/—Å—É—Ç–∫–∏,+996 558 36-13-33,"–û–ø–∏—Å–∞–Ω–∏–µ –æ—Ç –∞—Ä–µ–Ω–¥–æ–¥–∞—Ç–µ–ª—è                                            
LUX. 1-ko–º. –¶–µ–Ω—Ç—Ä. –¢—É—Ä—É—Å–±–µ–∫–æ–≤–∞ \ –¢–æ–∫—Ç–æ–≥—É–ª–∞
–î–∏–∑–∞–π–Ω–µ—Ä—Å–∫–∏–π –µ–≤—Ä–æ —Ä–µ–º–æ–Ω—Ç –≤ —Å—Ç–∏–ª–µ —Ö–∞–π-—Ç–µ–∫
Wi-Fi –æ—Ç–ª–∏—á–Ω–∞—è —Å–∫–æ—Ä–æ—Å—Ç—å.
–ò–Ω—Ç–µ—Ä–Ω–µ—Ç TV Megaline
DVD,TV –ñ–ö, –ú–ò–ö–†–û–í–û–õ–ù–û–í–ö–ê
Ariston,–ö–û–ù–î–ò–¶–ò–û–ù–ï–†, –°–¢–û–Ø–ù–ö–ê
–ó–ê–ö–†–´–¢–´–ô –î–í–û–†.
–¢–æ–ª—å–∫–æ –ø–æ—Å–ª–µ —Ä–µ–º–æ–Ω—Ç–∞.
–û—á–µ–Ω—å –ß–ò–°–¢–û!!!!
–ü–æ —á–∞—Å–æ–≤–æ–π –Ω–µ —Å–¥–∞—é!!!!
–í –∫–≤–∞—Ä—Ç–∏—Ä–µ –Ω–µ –∫—É—Ä—è—Ç.



–¥–µ–Ω—å 1500 —Å–æ–º

–Ω–æ—á—å 2500 —Å–æ–º

–°—É—Ç–∫–∏ 3000

–í—Å—Ç—Ä–µ—á–∞ –∫–ª–∏–µ–Ω—Ç–æ–≤ —Å –∞—ç—Ä–æ–ø–æ—Ä—Ç–∞, –∞–≤—Ç–æ–≤–æ–∫–∑–∞–ª–æ–≤, –Ω–∞—Å–µ–ª–µ–Ω–Ω—ã—Ö –ø—É–Ω–∫—Ç–æ–≤ –∏ –æ–±—Ä–∞—Ç–Ω—ã–π —Ä–∞–∑–≤–æ–∑ (–æ–±–≥–æ–≤–∞—Ä–∏–≤–∞–µ—Ç—Å—è –æ—Ç–¥–µ–ª—å–Ω–æ, –Ω–µ –≤—Ö–æ–¥–∏—Ç –≤ —Å—Ç–æ–∏–º–æ—Å—Ç—å –∞—Ä–µ–Ω–¥—ã –∫–≤–∞—Ä—Ç–∏—Ä—ã)

–ó–≤–æ–Ω–∏—Ç—å –∏–ª–∏ –ø–∏—Å–∞—Ç—å –≤ whatsapp: 24 –ß–ê–°–ê

https://wa.me/c/996222222555—Å—Å—ã–ª–∫–∞ –Ω–∞ –≤–æ—Ç—Å–∞–ø–ø

0222 222 555 WhatsApp
0558 361 333 WhatsApp




#–≥–æ—Å—Ç–∏–Ω–∏—Ü–∞ –ø–æ —Å—É—Ç–æ—á–Ω–æ#–≥–æ—Å—Ç–∏–Ω–∏—Ü–∞#
–ì–æ—Å—Ç–∏–Ω–∏—Ü–∞ –Ω–∞ –Ω–æ—á—å# –ì–æ—Å—Ç–∏–Ω–∏—Ü–∞ #
–ö–≤–∞—Ä—Ç–∏—Ä–∞ –Ω–∞ –Ω–æ—á—å# –∫–≤–∞—Ä—Ç–∏—Ä–∞ –Ω–∞ —Å—É—Ç–∫–∏ #–æ—Ç–µ–ª—å# –Ω–æ–≤–∞—è #–∫–æ–º–Ω–∞—Ç–∞#–¶–µ–Ω—Ç—Ä#
–¢–æ–∫—Ç–æ–≥—É–ª–∞ —Ç—É—Ä—É—Å–±–µ–∫–æ–≤–∞ #–õ—é–∫—Å#"
